base,t_mid_s,rms,ptp,line_length,y
C:\Users\admin\OneDrive - National Economics University\Documents\TÀI LIỆU\GIÁO TRÌNH HỌC\TIME SERIES\Seizure-Dectection-using-ECoG-\EEG\ds003029\sub-jh101\ses-presurgery\ieeg\sub-jh101_ses-presurgery_task-ictal_acq-ecog_run-01_ieeg,0.9995,0.00014882392578512184,0.003320695125,0.005062053923459053,0
C:\Users\admin\OneDrive - National Economics University\Documents\TÀI LIỆU\GIÁO TRÌNH HỌC\TIME SERIES\Seizure-Dectection-using-ECoG-\EEG\ds003029\sub-jh101\ses-presurgery\ieeg\sub-jh101_ses-presurgery_task-ictal_acq-ecog_run-01_ieeg,1.9995,0.00014216319415285495,0.0013562474375,0.004637066887869835,0
C:\Users\admin\OneDrive - National Economics University\Documents\TÀI LIỆU\GIÁO TRÌNH HỌC\TIME SERIES\Seizure-Dectection-using-ECoG-\EEG\ds003029\sub-jh101\ses-presurgery\ieeg\sub-jh101_ses-presurgery_task-ictal_acq-ecog_run-01_ieeg,2.9995,0.00012893528929412958,0.00152518875,0.004840777417992987,0
C:\Users\admin\OneDrive - National Economics University\Documents\TÀI LIỆU\GIÁO TRÌNH HỌC\TIME SERIES\Seizure-Dectection-using-ECoG-\EEG\ds003029\sub-jh101\ses-presurgery\ieeg\sub-jh101_ses-presurgery_task-ictal_acq-ecog_run-01_ieeg,3.9995,0.00013085422592337253,0.001774898125,0.005503343179211617,0
C:\Users\admin\OneDrive - National Economics University\Documents\TÀI LIỆU\GIÁO TRÌNH HỌC\TIME SERIES\Seizure-Dectection-using-ECoG-\EEG\ds003029\sub-jh101\ses-presurgery\ieeg\sub-jh101_ses-presurgery_task-ictal_acq-ecog_run-01_ieeg,4.9995,0.0001307618458637931,0.001774898125,0.0054152512179532885,0
C:\Users\admin\OneDrive - National Economics University\Documents\TÀI LIỆU\GIÁO TRÌNH HỌC\TIME SERIES\Seizure-Dectection-using-ECoG-\EEG\ds003029\sub-jh101\ses-presurgery\ieeg\sub-jh101_ses-presurgery_task-ictal_acq-ecog_run-01_ieeg,5.9995,0.00010955072658317369,0.0008603465000000001,0.004362738624991168,0
C:\Users\admin\OneDrive - National Economics University\Documents\TÀI LIỆU\GIÁO TRÌNH HỌC\TIME SERIES\Seizure-Dectection-using-ECoG-\EEG\ds003029\sub-jh101\ses-presurgery\ieeg\sub-jh101_ses-presurgery_task-ictal_acq-ecog_run-01_ieeg,6.9995,0.00010437707418916742,0.00075302553125,0.004377668034147013,0
C:\Users\admin\OneDrive - National Economics University\Documents\TÀI LIỆU\GIÁO TRÌNH HỌC\TIME SERIES\Seizure-Dectection-using-ECoG-\EEG\ds003029\sub-jh101\ses-presurgery\ieeg\sub-jh101_ses-presurgery_task-ictal_acq-ecog_run-01_ieeg,7.9995,9.993340495516773e-05,0.00072020890625,0.004368049008278533,0
C:\Users\admin\OneDrive - National Economics University\Documents\TÀI LIỆU\GIÁO TRÌNH HỌC\TIME SERIES\Seizure-Dectection-using-ECoG-\EEG\ds003029\sub-jh101\ses-presurgery\ieeg\sub-jh101_ses-presurgery_task-ictal_acq-ecog_run-01_ieeg,8.9995,0.00011387731175792164,0.0007172842812500001,0.0043555185344139775,0
C:\Users\admin\OneDrive - National Economics University\Documents\TÀI LIỆU\GIÁO TRÌNH HỌC\TIME SERIES\Seizure-Dectection-using-ECoG-\EEG\ds003029\sub-jh101\ses-presurgery\ieeg\sub-jh101_ses-presurgery_task-ictal_acq-ecog_run-01_ieeg,9.9995,0.00012070187520951399,0.00074892490625,0.004320612603726768,0
C:\Users\admin\OneDrive - National Economics University\Documents\TÀI LIỆU\GIÁO TRÌNH HỌC\TIME SERIES\Seizure-Dectection-using-ECoG-\EEG\ds003029\sub-jh101\ses-presurgery\ieeg\sub-jh101_ses-presurgery_task-ictal_acq-ecog_run-01_ieeg,10.9995,0.00017608295286543034,0.0042939350000000005,0.005719132877326106,0
C:\Users\admin\OneDrive - National Economics University\Documents\TÀI LIỆU\GIÁO TRÌNH HỌC\TIME SERIES\Seizure-Dectection-using-ECoG-\EEG\ds003029\sub-jh101\ses-presurgery\ieeg\sub-jh101_ses-presurgery_task-ictal_acq-ecog_run-01_ieeg,11.9995,0.00021859986325922543,0.0042939350000000005,0.00643252882263441,0
C:\Users\admin\OneDrive - National Economics University\Documents\TÀI LIỆU\GIÁO TRÌNH HỌC\TIME SERIES\Seizure-Dectection-using-ECoG-\EEG\ds003029\sub-jh101\ses-presurgery\ieeg\sub-jh101_ses-presurgery_task-ictal_acq-ecog_run-01_ieeg,12.9995,0.00018565240308700165,0.0024870056875,0.004934722767045021,0
C:\Users\admin\OneDrive - National Economics University\Documents\TÀI LIỆU\GIÁO TRÌNH HỌC\TIME SERIES\Seizure-Dectection-using-ECoG-\EEG\ds003029\sub-jh101\ses-presurgery\ieeg\sub-jh101_ses-presurgery_task-ictal_acq-ecog_run-01_ieeg,13.9995,0.00014665628362371143,0.00101180978125,0.004197236180167198,0
C:\Users\admin\OneDrive - National Economics University\Documents\TÀI LIỆU\GIÁO TRÌNH HỌC\TIME SERIES\Seizure-Dectection-using-ECoG-\EEG\ds003029\sub-jh101\ses-presurgery\ieeg\sub-jh101_ses-presurgery_task-ictal_acq-ecog_run-01_ieeg,14.9995,0.0001514167155033564,0.0014102505000000002,0.005014123690673828,0
C:\Users\admin\OneDrive - National Economics University\Documents\TÀI LIỆU\GIÁO TRÌNH HỌC\TIME SERIES\Seizure-Dectection-using-ECoG-\EEG\ds003029\sub-jh101\ses-presurgery\ieeg\sub-jh101_ses-presurgery_task-ictal_acq-ecog_run-01_ieeg,15.9995,0.00013934390162564833,0.0014102505000000002,0.005382061604875088,0
C:\Users\admin\OneDrive - National Economics University\Documents\TÀI LIỆU\GIÁO TRÌNH HỌC\TIME SERIES\Seizure-Dectection-using-ECoG-\EEG\ds003029\sub-jh101\ses-presurgery\ieeg\sub-jh101_ses-presurgery_task-ictal_acq-ecog_run-01_ieeg,16.9995,0.00014077858799213744,0.00103027271875,0.004581177529218675,0
C:\Users\admin\OneDrive - National Economics University\Documents\TÀI LIỆU\GIÁO TRÌNH HỌC\TIME SERIES\Seizure-Dectection-using-ECoG-\EEG\ds003029\sub-jh101\ses-presurgery\ieeg\sub-jh101_ses-presurgery_task-ictal_acq-ecog_run-01_ieeg,17.9995,0.000152487439892607,0.0010647495,0.004499872561917931,0
C:\Users\admin\OneDrive - National Economics University\Documents\TÀI LIỆU\GIÁO TRÌNH HỌC\TIME SERIES\Seizure-Dectection-using-ECoG-\EEG\ds003029\sub-jh101\ses-presurgery\ieeg\sub-jh101_ses-presurgery_task-ictal_acq-ecog_run-01_ieeg,18.999499999999998,0.00013860625298686854,0.0008704136875000001,0.004444226812747492,0
C:\Users\admin\OneDrive - National Economics University\Documents\TÀI LIỆU\GIÁO TRÌNH HỌC\TIME SERIES\Seizure-Dectection-using-ECoG-\EEG\ds003029\sub-jh101\ses-presurgery\ieeg\sub-jh101_ses-presurgery_task-ictal_acq-ecog_run-01_ieeg,19.9995,0.0001334671578143124,0.0008017585,0.004242432668128739,0
C:\Users\admin\OneDrive - National Economics University\Documents\TÀI LIỆU\GIÁO TRÌNH HỌC\TIME SERIES\Seizure-Dectection-using-ECoG-\EEG\ds003029\sub-jh101\ses-presurgery\ieeg\sub-jh101_ses-presurgery_task-ictal_acq-ecog_run-01_ieeg,20.9995,0.00012456215086005564,0.0014361293750000002,0.004782788190500273,0
C:\Users\admin\OneDrive - National Economics University\Documents\TÀI LIỆU\GIÁO TRÌNH HỌC\TIME SERIES\Seizure-Dectection-using-ECoG-\EEG\ds003029\sub-jh101\ses-presurgery\ieeg\sub-jh101_ses-presurgery_task-ictal_acq-ecog_run-01_ieeg,21.9995,0.00010471917984458121,0.0014361293750000002,0.004804644875537681,0
C:\Users\admin\OneDrive - National Economics University\Documents\TÀI LIỆU\GIÁO TRÌNH HỌC\TIME SERIES\Seizure-Dectection-using-ECoG-\EEG\ds003029\sub-jh101\ses-presurgery\ieeg\sub-jh101_ses-presurgery_task-ictal_acq-ecog_run-01_ieeg,22.9995,0.00010854102777785027,0.00073037146875,0.004380744361256302,0
C:\Users\admin\OneDrive - National Economics University\Documents\TÀI LIỆU\GIÁO TRÌNH HỌC\TIME SERIES\Seizure-Dectection-using-ECoG-\EEG\ds003029\sub-jh101\ses-presurgery\ieeg\sub-jh101_ses-presurgery_task-ictal_acq-ecog_run-01_ieeg,23.9995,0.00013090100471365907,0.0008699220000000001,0.004316077748864174,0
C:\Users\admin\OneDrive - National Economics University\Documents\TÀI LIỆU\GIÁO TRÌNH HỌC\TIME SERIES\Seizure-Dectection-using-ECoG-\EEG\ds003029\sub-jh101\ses-presurgery\ieeg\sub-jh101_ses-presurgery_task-ictal_acq-ecog_run-01_ieeg,24.9995,0.00012253038989608683,0.00085761734375,0.004472730422653938,0
C:\Users\admin\OneDrive - National Economics University\Documents\TÀI LIỆU\GIÁO TRÌNH HỌC\TIME SERIES\Seizure-Dectection-using-ECoG-\EEG\ds003029\sub-jh101\ses-presurgery\ieeg\sub-jh101_ses-presurgery_task-ictal_acq-ecog_run-01_ieeg,25.9995,0.00010059395965762968,0.0006495155625,0.004508448087397987,0
C:\Users\admin\OneDrive - National Economics University\Documents\TÀI LIỆU\GIÁO TRÌNH HỌC\TIME SERIES\Seizure-Dectection-using-ECoG-\EEG\ds003029\sub-jh101\ses-presurgery\ieeg\sub-jh101_ses-presurgery_task-ictal_acq-ecog_run-01_ieeg,26.9995,0.00010092328676700219,0.0007985302500000001,0.004857593006527823,0
C:\Users\admin\OneDrive - National Economics University\Documents\TÀI LIỆU\GIÁO TRÌNH HỌC\TIME SERIES\Seizure-Dectection-using-ECoG-\EEG\ds003029\sub-jh101\ses-presurgery\ieeg\sub-jh101_ses-presurgery_task-ictal_acq-ecog_run-01_ieeg,27.9995,0.00010871355420046356,0.0008801792187500001,0.0049535280105183245,0
C:\Users\admin\OneDrive - National Economics University\Documents\TÀI LIỆU\GIÁO TRÌNH HỌC\TIME SERIES\Seizure-Dectection-using-ECoG-\EEG\ds003029\sub-jh101\ses-presurgery\ieeg\sub-jh101_ses-presurgery_task-ictal_acq-ecog_run-01_ieeg,28.9995,0.00011145173573583059,0.0017838824375,0.005031713624413844,0
C:\Users\admin\OneDrive - National Economics University\Documents\TÀI LIỆU\GIÁO TRÌNH HỌC\TIME SERIES\Seizure-Dectection-using-ECoG-\EEG\ds003029\sub-jh101\ses-presurgery\ieeg\sub-jh101_ses-presurgery_task-ictal_acq-ecog_run-01_ieeg,29.9995,0.00012960529385512128,0.002774798125,0.0061911598804403846,0
C:\Users\admin\OneDrive - National Economics University\Documents\TÀI LIỆU\GIÁO TRÌNH HỌC\TIME SERIES\Seizure-Dectection-using-ECoG-\EEG\ds003029\sub-jh101\ses-presurgery\ieeg\sub-jh101_ses-presurgery_task-ictal_acq-ecog_run-01_ieeg,30.9995,0.00012742558966977578,0.002774798125,0.00561150405701527,0
C:\Users\admin\OneDrive - National Economics University\Documents\TÀI LIỆU\GIÁO TRÌNH HỌC\TIME SERIES\Seizure-Dectection-using-ECoG-\EEG\ds003029\sub-jh101\ses-presurgery\ieeg\sub-jh101_ses-presurgery_task-ictal_acq-ecog_run-01_ieeg,31.9995,0.00010407014302051954,0.0010822240000000001,0.004758557276251316,0
C:\Users\admin\OneDrive - National Economics University\Documents\TÀI LIỆU\GIÁO TRÌNH HỌC\TIME SERIES\Seizure-Dectection-using-ECoG-\EEG\ds003029\sub-jh101\ses-presurgery\ieeg\sub-jh101_ses-presurgery_task-ictal_acq-ecog_run-01_ieeg,32.9995,0.00012105616930804419,0.0016931600000000002,0.005294292172708184,0
C:\Users\admin\OneDrive - National Economics University\Documents\TÀI LIỆU\GIÁO TRÌNH HỌC\TIME SERIES\Seizure-Dectection-using-ECoG-\EEG\ds003029\sub-jh101\ses-presurgery\ieeg\sub-jh101_ses-presurgery_task-ictal_acq-ecog_run-01_ieeg,33.9995,0.00011806328233559212,0.0016931600000000002,0.0048422422989254,0
C:\Users\admin\OneDrive - National Economics University\Documents\TÀI LIỆU\GIÁO TRÌNH HỌC\TIME SERIES\Seizure-Dectection-using-ECoG-\EEG\ds003029\sub-jh101\ses-presurgery\ieeg\sub-jh101_ses-presurgery_task-ictal_acq-ecog_run-01_ieeg,34.9995,9.497401858218585e-05,0.0004781208125,0.004478315068738853,0
C:\Users\admin\OneDrive - National Economics University\Documents\TÀI LIỆU\GIÁO TRÌNH HỌC\TIME SERIES\Seizure-Dectection-using-ECoG-\EEG\ds003029\sub-jh101\ses-presurgery\ieeg\sub-jh101_ses-presurgery_task-ictal_acq-ecog_run-01_ieeg,35.9995,9.106670525968183e-05,0.000433008859375,0.004615955304216301,0
C:\Users\admin\OneDrive - National Economics University\Documents\TÀI LIỆU\GIÁO TRÌNH HỌC\TIME SERIES\Seizure-Dectection-using-ECoG-\EEG\ds003029\sub-jh101\ses-presurgery\ieeg\sub-jh101_ses-presurgery_task-ictal_acq-ecog_run-01_ieeg,36.9995,0.00010141980770994644,0.0005820298437500001,0.0050746584138869405,0
C:\Users\admin\OneDrive - National Economics University\Documents\TÀI LIỆU\GIÁO TRÌNH HỌC\TIME SERIES\Seizure-Dectection-using-ECoG-\EEG\ds003029\sub-jh101\ses-presurgery\ieeg\sub-jh101_ses-presurgery_task-ictal_acq-ecog_run-01_ieeg,37.9995,0.00012756313981196325,0.00086006153125,0.005083954028234793,0
C:\Users\admin\OneDrive - National Economics University\Documents\TÀI LIỆU\GIÁO TRÌNH HỌC\TIME SERIES\Seizure-Dectection-using-ECoG-\EEG\ds003029\sub-jh101\ses-presurgery\ieeg\sub-jh101_ses-presurgery_task-ictal_acq-ecog_run-01_ieeg,38.9995,0.0001399038198143796,0.0008883823125000001,0.004400629662526118,0
C:\Users\admin\OneDrive - National Economics University\Documents\TÀI LIỆU\GIÁO TRÌNH HỌC\TIME SERIES\Seizure-Dectection-using-ECoG-\EEG\ds003029\sub-jh101\ses-presurgery\ieeg\sub-jh101_ses-presurgery_task-ictal_acq-ecog_run-01_ieeg,39.9995,0.00013880509146025813,0.00091698603125,0.005012939580942946,0
C:\Users\admin\OneDrive - National Economics University\Documents\TÀI LIỆU\GIÁO TRÌNH HỌC\TIME SERIES\Seizure-Dectection-using-ECoG-\EEG\ds003029\sub-jh101\ses-presurgery\ieeg\sub-jh101_ses-presurgery_task-ictal_acq-ecog_run-01_ieeg,40.9995,0.00013311407373222685,0.00091698603125,0.00492539072870998,0
C:\Users\admin\OneDrive - National Economics University\Documents\TÀI LIỆU\GIÁO TRÌNH HỌC\TIME SERIES\Seizure-Dectection-using-ECoG-\EEG\ds003029\sub-jh101\ses-presurgery\ieeg\sub-jh101_ses-presurgery_task-ictal_acq-ecog_run-01_ieeg,41.9995,0.0001349029159997369,0.0007375984687500001,0.004050623821778107,0
C:\Users\admin\OneDrive - National Economics University\Documents\TÀI LIỆU\GIÁO TRÌNH HỌC\TIME SERIES\Seizure-Dectection-using-ECoG-\EEG\ds003029\sub-jh101\ses-presurgery\ieeg\sub-jh101_ses-presurgery_task-ictal_acq-ecog_run-01_ieeg,42.9995,0.00013600135034563902,0.0007494138437500001,0.0040960827495488735,0
C:\Users\admin\OneDrive - National Economics University\Documents\TÀI LIỆU\GIÁO TRÌNH HỌC\TIME SERIES\Seizure-Dectection-using-ECoG-\EEG\ds003029\sub-jh101\ses-presurgery\ieeg\sub-jh101_ses-presurgery_task-ictal_acq-ecog_run-01_ieeg,43.9995,0.00012606925680534728,0.0007793941875,0.004628723811854075,0
C:\Users\admin\OneDrive - National Economics University\Documents\TÀI LIỆU\GIÁO TRÌNH HỌC\TIME SERIES\Seizure-Dectection-using-ECoG-\EEG\ds003029\sub-jh101\ses-presurgery\ieeg\sub-jh101_ses-presurgery_task-ictal_acq-ecog_run-01_ieeg,44.9995,0.00012385030753921965,0.000682909875,0.004660578124649048,0
C:\Users\admin\OneDrive - National Economics University\Documents\TÀI LIỆU\GIÁO TRÌNH HỌC\TIME SERIES\Seizure-Dectection-using-ECoG-\EEG\ds003029\sub-jh101\ses-presurgery\ieeg\sub-jh101_ses-presurgery_task-ictal_acq-ecog_run-01_ieeg,45.9995,0.0001197661218659725,0.0006928709062500001,0.004217011677235741,0
C:\Users\admin\OneDrive - National Economics University\Documents\TÀI LIỆU\GIÁO TRÌNH HỌC\TIME SERIES\Seizure-Dectection-using-ECoG-\EEG\ds003029\sub-jh101\ses-presurgery\ieeg\sub-jh101_ses-presurgery_task-ictal_acq-ecog_run-01_ieeg,46.9995,0.00012233587465910125,0.0006923826250000001,0.0042839364267283865,0
C:\Users\admin\OneDrive - National Economics University\Documents\TÀI LIỆU\GIÁO TRÌNH HỌC\TIME SERIES\Seizure-Dectection-using-ECoG-\EEG\ds003029\sub-jh101\ses-presurgery\ieeg\sub-jh101_ses-presurgery_task-ictal_acq-ecog_run-01_ieeg,47.9995,0.00012676278353875598,0.00065654271875,0.004257947691333771,0
C:\Users\admin\OneDrive - National Economics University\Documents\TÀI LIỆU\GIÁO TRÌNH HỌC\TIME SERIES\Seizure-Dectection-using-ECoG-\EEG\ds003029\sub-jh101\ses-presurgery\ieeg\sub-jh101_ses-presurgery_task-ictal_acq-ecog_run-01_ieeg,48.9995,0.0001231464161989384,0.00068232403125,0.004130128118631091,0
C:\Users\admin\OneDrive - National Economics University\Documents\TÀI LIỆU\GIÁO TRÌNH HỌC\TIME SERIES\Seizure-Dectection-using-ECoG-\EEG\ds003029\sub-jh101\ses-presurgery\ieeg\sub-jh101_ses-presurgery_task-ictal_acq-ecog_run-01_ieeg,49.9995,0.00012484792734577914,0.000586425640625,0.004211969994985309,0
C:\Users\admin\OneDrive - National Economics University\Documents\TÀI LIỆU\GIÁO TRÌNH HỌC\TIME SERIES\Seizure-Dectection-using-ECoG-\EEG\ds003029\sub-jh101\ses-presurgery\ieeg\sub-jh101_ses-presurgery_task-ictal_acq-ecog_run-01_ieeg,50.9995,0.00012674791266220687,0.000551562375,0.00422263890668869,0
C:\Users\admin\OneDrive - National Economics University\Documents\TÀI LIỆU\GIÁO TRÌNH HỌC\TIME SERIES\Seizure-Dectection-using-ECoG-\EEG\ds003029\sub-jh101\ses-presurgery\ieeg\sub-jh101_ses-presurgery_task-ictal_acq-ecog_run-01_ieeg,51.9995,0.00011909488319158605,0.0006575179531250001,0.004599921103178024,0
C:\Users\admin\OneDrive - National Economics University\Documents\TÀI LIỆU\GIÁO TRÌNH HỌC\TIME SERIES\Seizure-Dectection-using-ECoG-\EEG\ds003029\sub-jh101\ses-presurgery\ieeg\sub-jh101_ses-presurgery_task-ictal_acq-ecog_run-01_ieeg,52.9995,0.00011348998033271478,0.0007479474375000001,0.005036401309423447,0
C:\Users\admin\OneDrive - National Economics University\Documents\TÀI LIỆU\GIÁO TRÌNH HỌC\TIME SERIES\Seizure-Dectection-using-ECoG-\EEG\ds003029\sub-jh101\ses-presurgery\ieeg\sub-jh101_ses-presurgery_task-ictal_acq-ecog_run-01_ieeg,53.9995,0.00011648442964984885,0.0007249942187500001,0.004873297468316078,0
C:\Users\admin\OneDrive - National Economics University\Documents\TÀI LIỆU\GIÁO TRÌNH HỌC\TIME SERIES\Seizure-Dectection-using-ECoG-\EEG\ds003029\sub-jh101\ses-presurgery\ieeg\sub-jh101_ses-presurgery_task-ictal_acq-ecog_run-01_ieeg,54.9995,0.00014166010111718287,0.0008533234375,0.004667383369711195,0
C:\Users\admin\OneDrive - National Economics University\Documents\TÀI LIỆU\GIÁO TRÌNH HỌC\TIME SERIES\Seizure-Dectection-using-ECoG-\EEG\ds003029\sub-jh101\ses-presurgery\ieeg\sub-jh101_ses-presurgery_task-ictal_acq-ecog_run-01_ieeg,55.9995,0.0001803610808043889,0.001112499,0.004486383740751268,0
C:\Users\admin\OneDrive - National Economics University\Documents\TÀI LIỆU\GIÁO TRÌNH HỌC\TIME SERIES\Seizure-Dectection-using-ECoG-\EEG\ds003029\sub-jh101\ses-presurgery\ieeg\sub-jh101_ses-presurgery_task-ictal_acq-ecog_run-01_ieeg,56.9995,0.00016159017804466208,0.0010975581562500001,0.0043750679840304525,0
C:\Users\admin\OneDrive - National Economics University\Documents\TÀI LIỆU\GIÁO TRÌNH HỌC\TIME SERIES\Seizure-Dectection-using-ECoG-\EEG\ds003029\sub-jh101\ses-presurgery\ieeg\sub-jh101_ses-presurgery_task-ictal_acq-ecog_run-01_ieeg,57.9995,0.00012074513474327975,0.001094434375,0.004640900090940744,0
C:\Users\admin\OneDrive - National Economics University\Documents\TÀI LIỆU\GIÁO TRÌNH HỌC\TIME SERIES\Seizure-Dectection-using-ECoG-\EEG\ds003029\sub-jh101\ses-presurgery\ieeg\sub-jh101_ses-presurgery_task-ictal_acq-ecog_run-01_ieeg,58.9995,0.00012987024487390552,0.0030274378750000004,0.005418217959986588,1
C:\Users\admin\OneDrive - National Economics University\Documents\TÀI LIỆU\GIÁO TRÌNH HỌC\TIME SERIES\Seizure-Dectection-using-ECoG-\EEG\ds003029\sub-jh101\ses-presurgery\ieeg\sub-jh101_ses-presurgery_task-ictal_acq-ecog_run-01_ieeg,59.9995,0.00013685606077009954,0.0030274378750000004,0.005702458137364759,1
C:\Users\admin\OneDrive - National Economics University\Documents\TÀI LIỆU\GIÁO TRÌNH HỌC\TIME SERIES\Seizure-Dectection-using-ECoG-\EEG\ds003029\sub-jh101\ses-presurgery\ieeg\sub-jh101_ses-presurgery_task-ictal_acq-ecog_run-01_ieeg,60.9995,0.00015400976278065348,0.00206630725,0.005256804935462736,1
C:\Users\admin\OneDrive - National Economics University\Documents\TÀI LIỆU\GIÁO TRÌNH HỌC\TIME SERIES\Seizure-Dectection-using-ECoG-\EEG\ds003029\sub-jh101\ses-presurgery\ieeg\sub-jh101_ses-presurgery_task-ictal_acq-ecog_run-01_ieeg,61.9995,0.0001538094550079857,0.0013983415,0.005375371500665787,1
C:\Users\admin\OneDrive - National Economics University\Documents\TÀI LIỆU\GIÁO TRÌNH HỌC\TIME SERIES\Seizure-Dectection-using-ECoG-\EEG\ds003029\sub-jh101\ses-presurgery\ieeg\sub-jh101_ses-presurgery_task-ictal_acq-ecog_run-01_ieeg,62.9995,0.00014092574711622145,0.0011233421875000002,0.005924430713461264,1
C:\Users\admin\OneDrive - National Economics University\Documents\TÀI LIỆU\GIÁO TRÌNH HỌC\TIME SERIES\Seizure-Dectection-using-ECoG-\EEG\ds003029\sub-jh101\ses-presurgery\ieeg\sub-jh101_ses-presurgery_task-ictal_acq-ecog_run-01_ieeg,63.9995,0.000151185667158012,0.00103096009375,0.005828294459120519,1
C:\Users\admin\OneDrive - National Economics University\Documents\TÀI LIỆU\GIÁO TRÌNH HỌC\TIME SERIES\Seizure-Dectection-using-ECoG-\EEG\ds003029\sub-jh101\ses-presurgery\ieeg\sub-jh101_ses-presurgery_task-ictal_acq-ecog_run-01_ieeg,64.9995,0.0001695550130875258,0.0012360379062500001,0.0055263781164471126,1
C:\Users\admin\OneDrive - National Economics University\Documents\TÀI LIỆU\GIÁO TRÌNH HỌC\TIME SERIES\Seizure-Dectection-using-ECoG-\EEG\ds003029\sub-jh101\ses-presurgery\ieeg\sub-jh101_ses-presurgery_task-ictal_acq-ecog_run-01_ieeg,65.9995,0.00016902730734115733,0.002090034,0.005955497012878532,1
C:\Users\admin\OneDrive - National Economics University\Documents\TÀI LIỆU\GIÁO TRÌNH HỌC\TIME SERIES\Seizure-Dectection-using-ECoG-\EEG\ds003029\sub-jh101\ses-presurgery\ieeg\sub-jh101_ses-presurgery_task-ictal_acq-ecog_run-01_ieeg,66.9995,0.00015663816036685612,0.002090034,0.005919968465004921,1
C:\Users\admin\OneDrive - National Economics University\Documents\TÀI LIỆU\GIÁO TRÌNH HỌC\TIME SERIES\Seizure-Dectection-using-ECoG-\EEG\ds003029\sub-jh101\ses-presurgery\ieeg\sub-jh101_ses-presurgery_task-ictal_acq-ecog_run-01_ieeg,67.9995,0.00015327760181635107,0.003013664625,0.006407162345648344,1
C:\Users\admin\OneDrive - National Economics University\Documents\TÀI LIỆU\GIÁO TRÌNH HỌC\TIME SERIES\Seizure-Dectection-using-ECoG-\EEG\ds003029\sub-jh101\ses-presurgery\ieeg\sub-jh101_ses-presurgery_task-ictal_acq-ecog_run-01_ieeg,68.9995,0.0001489391346974286,0.003318156125,0.007228547558565195,1
C:\Users\admin\OneDrive - National Economics University\Documents\TÀI LIỆU\GIÁO TRÌNH HỌC\TIME SERIES\Seizure-Dectection-using-ECoG-\EEG\ds003029\sub-jh101\ses-presurgery\ieeg\sub-jh101_ses-presurgery_task-ictal_acq-ecog_run-01_ieeg,69.9995,0.00016384088707187752,0.003318156125,0.0065538420103921895,1
C:\Users\admin\OneDrive - National Economics University\Documents\TÀI LIỆU\GIÁO TRÌNH HỌC\TIME SERIES\Seizure-Dectection-using-ECoG-\EEG\ds003029\sub-jh101\ses-presurgery\ieeg\sub-jh101_ses-presurgery_task-ictal_acq-ecog_run-01_ieeg,70.9995,0.00018045855725008105,0.0013282195,0.006046463894579615,1
C:\Users\admin\OneDrive - National Economics University\Documents\TÀI LIỆU\GIÁO TRÌNH HỌC\TIME SERIES\Seizure-Dectection-using-ECoG-\EEG\ds003029\sub-jh101\ses-presurgery\ieeg\sub-jh101_ses-presurgery_task-ictal_acq-ecog_run-01_ieeg,71.9995,0.00016292035919946912,0.001294039875,0.0060138772302183435,1
C:\Users\admin\OneDrive - National Economics University\Documents\TÀI LIỆU\GIÁO TRÌNH HỌC\TIME SERIES\Seizure-Dectection-using-ECoG-\EEG\ds003029\sub-jh101\ses-presurgery\ieeg\sub-jh101_ses-presurgery_task-ictal_acq-ecog_run-01_ieeg,72.9995,0.0001516758206178303,0.00113408271875,0.00586348693597385,1
C:\Users\admin\OneDrive - National Economics University\Documents\TÀI LIỆU\GIÁO TRÌNH HỌC\TIME SERIES\Seizure-Dectection-using-ECoG-\EEG\ds003029\sub-jh101\ses-presurgery\ieeg\sub-jh101_ses-presurgery_task-ictal_acq-ecog_run-01_ieeg,73.9995,0.00016982406660041041,0.0014897425000000002,0.005945615815581406,1
C:\Users\admin\OneDrive - National Economics University\Documents\TÀI LIỆU\GIÁO TRÌNH HỌC\TIME SERIES\Seizure-Dectection-using-ECoG-\EEG\ds003029\sub-jh101\ses-presurgery\ieeg\sub-jh101_ses-presurgery_task-ictal_acq-ecog_run-01_ieeg,74.9995,0.0001774111212742604,0.0031270432500000002,0.0062593113707419285,1
C:\Users\admin\OneDrive - National Economics University\Documents\TÀI LIỆU\GIÁO TRÌNH HỌC\TIME SERIES\Seizure-Dectection-using-ECoG-\EEG\ds003029\sub-jh101\ses-presurgery\ieeg\sub-jh101_ses-presurgery_task-ictal_acq-ecog_run-01_ieeg,75.9995,0.00015486514248219023,0.0031270432500000002,0.005643443320695317,1
C:\Users\admin\OneDrive - National Economics University\Documents\TÀI LIỆU\GIÁO TRÌNH HỌC\TIME SERIES\Seizure-Dectection-using-ECoG-\EEG\ds003029\sub-jh101\ses-presurgery\ieeg\sub-jh101_ses-presurgery_task-ictal_acq-ecog_run-01_ieeg,76.9995,0.00015427584320290688,0.0012083013125,0.0050464902076543935,1
C:\Users\admin\OneDrive - National Economics University\Documents\TÀI LIỆU\GIÁO TRÌNH HỌC\TIME SERIES\Seizure-Dectection-using-ECoG-\EEG\ds003029\sub-jh101\ses-presurgery\ieeg\sub-jh101_ses-presurgery_task-ictal_acq-ecog_run-01_ieeg,77.9995,0.00015514009695244432,0.00125752,0.00504942004070282,1
C:\Users\admin\OneDrive - National Economics University\Documents\TÀI LIỆU\GIÁO TRÌNH HỌC\TIME SERIES\Seizure-Dectection-using-ECoG-\EEG\ds003029\sub-jh101\ses-presurgery\ieeg\sub-jh101_ses-presurgery_task-ictal_acq-ecog_run-01_ieeg,78.9995,0.0001354208958907374,0.0009901338125,0.004723059473940849,1
C:\Users\admin\OneDrive - National Economics University\Documents\TÀI LIỆU\GIÁO TRÌNH HỌC\TIME SERIES\Seizure-Dectection-using-ECoG-\EEG\ds003029\sub-jh101\ses-presurgery\ieeg\sub-jh101_ses-presurgery_task-ictal_acq-ecog_run-01_ieeg,79.9995,0.00014062169921219122,0.0010796883749999999,0.004697943660153567,0
C:\Users\admin\OneDrive - National Economics University\Documents\TÀI LIỆU\GIÁO TRÌNH HỌC\TIME SERIES\Seizure-Dectection-using-ECoG-\EEG\ds003029\sub-jh101\ses-presurgery\ieeg\sub-jh101_ses-presurgery_task-ictal_acq-ecog_run-01_ieeg,80.9995,0.00016510015778530544,0.0013408171250000002,0.004606201976037913,0
C:\Users\admin\OneDrive - National Economics University\Documents\TÀI LIỆU\GIÁO TRÌNH HỌC\TIME SERIES\Seizure-Dectection-using-ECoG-\EEG\ds003029\sub-jh101\ses-presurgery\ieeg\sub-jh101_ses-presurgery_task-ictal_acq-ecog_run-01_ieeg,81.9995,0.00018743815940438905,0.00123622353125,0.004030036974741693,0
C:\Users\admin\OneDrive - National Economics University\Documents\TÀI LIỆU\GIÁO TRÌNH HỌC\TIME SERIES\Seizure-Dectection-using-ECoG-\EEG\ds003029\sub-jh101\ses-presurgery\ieeg\sub-jh101_ses-presurgery_task-ictal_acq-ecog_run-01_ieeg,82.9995,0.00018408873296433298,0.001665621,0.0039196366520423895,0
C:\Users\admin\OneDrive - National Economics University\Documents\TÀI LIỆU\GIÁO TRÌNH HỌC\TIME SERIES\Seizure-Dectection-using-ECoG-\EEG\ds003029\sub-jh101\ses-presurgery\ieeg\sub-jh101_ses-presurgery_task-ictal_acq-ecog_run-01_ieeg,83.9995,0.00018828027453914376,0.0017184529375,0.004132343956987381,0
C:\Users\admin\OneDrive - National Economics University\Documents\TÀI LIỆU\GIÁO TRÌNH HỌC\TIME SERIES\Seizure-Dectection-using-ECoG-\EEG\ds003029\sub-jh101\ses-presurgery\ieeg\sub-jh101_ses-presurgery_task-ictal_acq-ecog_run-01_ieeg,84.9995,0.00017627433275189936,0.0011412041250000002,0.004021950032727242,0
C:\Users\admin\OneDrive - National Economics University\Documents\TÀI LIỆU\GIÁO TRÌNH HỌC\TIME SERIES\Seizure-Dectection-using-ECoG-\EEG\ds003029\sub-jh101\ses-presurgery\ieeg\sub-jh101_ses-presurgery_task-ictal_acq-ecog_run-01_ieeg,85.9995,0.00015177329638069943,0.0013114226250000001,0.004110310324677468,0
C:\Users\admin\OneDrive - National Economics University\Documents\TÀI LIỆU\GIÁO TRÌNH HỌC\TIME SERIES\Seizure-Dectection-using-ECoG-\EEG\ds003029\sub-jh101\ses-presurgery\ieeg\sub-jh101_ses-presurgery_task-ictal_acq-ecog_run-01_ieeg,86.9995,0.00016721946103694,0.00134999675,0.0040342361847563995,0
C:\Users\admin\OneDrive - National Economics University\Documents\TÀI LIỆU\GIÁO TRÌNH HỌC\TIME SERIES\Seizure-Dectection-using-ECoG-\EEG\ds003029\sub-jh101\ses-presurgery\ieeg\sub-jh101_ses-presurgery_task-ictal_acq-ecog_run-01_ieeg,87.9995,0.00017268111126350158,0.0012563407812500001,0.004079933459823729,0
C:\Users\admin\OneDrive - National Economics University\Documents\TÀI LIỆU\GIÁO TRÌNH HỌC\TIME SERIES\Seizure-Dectection-using-ECoG-\EEG\ds003029\sub-jh101\ses-presurgery\ieeg\sub-jh101_ses-presurgery_task-ictal_acq-ecog_run-01_ieeg,88.9995,0.00014759320320751308,0.00109013634375,0.004103712654661179,0
C:\Users\admin\OneDrive - National Economics University\Documents\TÀI LIỆU\GIÁO TRÌNH HỌC\TIME SERIES\Seizure-Dectection-using-ECoG-\EEG\ds003029\sub-jh101\ses-presurgery\ieeg\sub-jh101_ses-presurgery_task-ictal_acq-ecog_run-01_ieeg,89.9995,0.00013662682491960264,0.0011624971875,0.004022230530145646,0
C:\Users\admin\OneDrive - National Economics University\Documents\TÀI LIỆU\GIÁO TRÌNH HỌC\TIME SERIES\Seizure-Dectection-using-ECoG-\EEG\ds003029\sub-jh101\ses-presurgery\ieeg\sub-jh101_ses-presurgery_task-ictal_acq-ecog_run-01_ieeg,90.9995,0.00013894676758540863,0.001186422875,0.004157984891628433,0
C:\Users\admin\OneDrive - National Economics University\Documents\TÀI LIỆU\GIÁO TRÌNH HỌC\TIME SERIES\Seizure-Dectection-using-ECoG-\EEG\ds003029\sub-jh101\ses-presurgery\ieeg\sub-jh101_ses-presurgery_task-ictal_acq-ecog_run-01_ieeg,91.9995,0.00013663263510264707,0.001220892625,0.00406728691688519,0
C:\Users\admin\OneDrive - National Economics University\Documents\TÀI LIỆU\GIÁO TRÌNH HỌC\TIME SERIES\Seizure-Dectection-using-ECoG-\EEG\ds003029\sub-jh101\ses-presurgery\ieeg\sub-jh101_ses-presurgery_task-ictal_acq-ecog_run-01_ieeg,92.9995,0.00016107626372911446,0.001243356375,0.003864540411054258,0
C:\Users\admin\OneDrive - National Economics University\Documents\TÀI LIỆU\GIÁO TRÌNH HỌC\TIME SERIES\Seizure-Dectection-using-ECoG-\EEG\ds003029\sub-jh101\ses-presurgery\ieeg\sub-jh101_ses-presurgery_task-ictal_acq-ecog_run-01_ieeg,93.9995,0.0001634511465359526,0.001243356375,0.0037703571005802154,0
C:\Users\admin\OneDrive - National Economics University\Documents\TÀI LIỆU\GIÁO TRÌNH HỌC\TIME SERIES\Seizure-Dectection-using-ECoG-\EEG\ds003029\sub-jh101\ses-presurgery\ieeg\sub-jh101_ses-presurgery_task-ictal_acq-ecog_run-01_ieeg,94.9995,0.00015146199382889638,0.0012018525937500001,0.003740968774729729,0
C:\Users\admin\OneDrive - National Economics University\Documents\TÀI LIỆU\GIÁO TRÌNH HỌC\TIME SERIES\Seizure-Dectection-using-ECoG-\EEG\ds003029\sub-jh101\ses-presurgery\ieeg\sub-jh101_ses-presurgery_task-ictal_acq-ecog_run-01_ieeg,95.9995,0.00014908339420278594,0.0012374970625000001,0.003779591758727634,0
C:\Users\admin\OneDrive - National Economics University\Documents\TÀI LIỆU\GIÁO TRÌNH HỌC\TIME SERIES\Seizure-Dectection-using-ECoG-\EEG\ds003029\sub-jh101\ses-presurgery\ieeg\sub-jh101_ses-presurgery_task-ictal_acq-ecog_run-01_ieeg,96.9995,0.00013339648610521493,0.00104872796875,0.003756532664001556,0
C:\Users\admin\OneDrive - National Economics University\Documents\TÀI LIỆU\GIÁO TRÌNH HỌC\TIME SERIES\Seizure-Dectection-using-ECoG-\EEG\ds003029\sub-jh101\ses-presurgery\ieeg\sub-jh101_ses-presurgery_task-ictal_acq-ecog_run-01_ieeg,97.9995,0.00011983665445140977,0.00091025171875,0.003682912234618314,0
C:\Users\admin\OneDrive - National Economics University\Documents\TÀI LIỆU\GIÁO TRÌNH HỌC\TIME SERIES\Seizure-Dectection-using-ECoG-\EEG\ds003029\sub-jh101\ses-presurgery\ieeg\sub-jh101_ses-presurgery_task-ictal_acq-ecog_run-01_ieeg,98.9995,0.00012395775046572673,0.00122323925,0.003919001912537124,0
C:\Users\admin\OneDrive - National Economics University\Documents\TÀI LIỆU\GIÁO TRÌNH HỌC\TIME SERIES\Seizure-Dectection-using-ECoG-\EEG\ds003029\sub-jh101\ses-presurgery\ieeg\sub-jh101_ses-presurgery_task-ictal_acq-ecog_run-01_ieeg,99.9995,0.00013350076373360304,0.00122323925,0.004187415839445022,0
C:\Users\admin\OneDrive - National Economics University\Documents\TÀI LIỆU\GIÁO TRÌNH HỌC\TIME SERIES\Seizure-Dectection-using-ECoG-\EEG\ds003029\sub-jh101\ses-presurgery\ieeg\sub-jh101_ses-presurgery_task-ictal_acq-ecog_run-01_ieeg,100.9995,0.00014772622494347982,0.00108672228125,0.004071553122553487,0
C:\Users\admin\OneDrive - National Economics University\Documents\TÀI LIỆU\GIÁO TRÌNH HỌC\TIME SERIES\Seizure-Dectection-using-ECoG-\EEG\ds003029\sub-jh101\ses-presurgery\ieeg\sub-jh101_ses-presurgery_task-ictal_acq-ecog_run-01_ieeg,101.9995,0.00013655217254419688,0.00099775465625,0.0038309528992873437,0
C:\Users\admin\OneDrive - National Economics University\Documents\TÀI LIỆU\GIÁO TRÌNH HỌC\TIME SERIES\Seizure-Dectection-using-ECoG-\EEG\ds003029\sub-jh101\ses-presurgery\ieeg\sub-jh101_ses-presurgery_task-ictal_acq-ecog_run-01_ieeg,102.9995,0.00010687805520087995,0.0009000925000000001,0.003792476417933241,0
C:\Users\admin\OneDrive - National Economics University\Documents\TÀI LIỆU\GIÁO TRÌNH HỌC\TIME SERIES\Seizure-Dectection-using-ECoG-\EEG\ds003029\sub-jh101\ses-presurgery\ieeg\sub-jh101_ses-presurgery_task-ictal_acq-ecog_run-01_ieeg,103.9995,0.00010260846766190117,0.000734669125,0.0038088643792479372,0
C:\Users\admin\OneDrive - National Economics University\Documents\TÀI LIỆU\GIÁO TRÌNH HỌC\TIME SERIES\Seizure-Dectection-using-ECoG-\EEG\ds003029\sub-jh101\ses-presurgery\ieeg\sub-jh101_ses-presurgery_task-ictal_acq-ecog_run-01_ieeg,104.9995,9.540661021963501e-05,0.0006938519062500001,0.003748683728770226,0
C:\Users\admin\OneDrive - National Economics University\Documents\TÀI LIỆU\GIÁO TRÌNH HỌC\TIME SERIES\Seizure-Dectection-using-ECoG-\EEG\ds003029\sub-jh101\ses-presurgery\ieeg\sub-jh101_ses-presurgery_task-ictal_acq-ecog_run-01_ieeg,105.9995,0.00010022681795472102,0.00081484715625,0.0039032428179063498,0
C:\Users\admin\OneDrive - National Economics University\Documents\TÀI LIỆU\GIÁO TRÌNH HỌC\TIME SERIES\Seizure-Dectection-using-ECoG-\EEG\ds003029\sub-jh101\ses-presurgery\ieeg\sub-jh101_ses-presurgery_task-ictal_acq-ecog_run-01_ieeg,106.9995,0.00011532036262602194,0.00105468496875,0.0040942277061581985,0
C:\Users\admin\OneDrive - National Economics University\Documents\TÀI LIỆU\GIÁO TRÌNH HỌC\TIME SERIES\Seizure-Dectection-using-ECoG-\EEG\ds003029\sub-jh101\ses-presurgery\ieeg\sub-jh101_ses-presurgery_task-ictal_acq-ecog_run-01_ieeg,107.9995,0.00011604782051032277,0.0009642555,0.004147779710594379,0
C:\Users\admin\OneDrive - National Economics University\Documents\TÀI LIỆU\GIÁO TRÌNH HỌC\TIME SERIES\Seizure-Dectection-using-ECoG-\EEG\ds003029\sub-jh101\ses-presurgery\ieeg\sub-jh101_ses-presurgery_task-ictal_acq-ecog_run-01_ieeg,108.9995,0.00012102526173685932,0.0010384740625000001,0.004201887316273378,0
C:\Users\admin\OneDrive - National Economics University\Documents\TÀI LIỆU\GIÁO TRÌNH HỌC\TIME SERIES\Seizure-Dectection-using-ECoG-\EEG\ds003029\sub-jh101\ses-presurgery\ieeg\sub-jh101_ses-presurgery_task-ictal_acq-ecog_run-01_ieeg,109.9995,0.00013172220763507094,0.0010272393750000001,0.0041078446136273115,0
C:\Users\admin\OneDrive - National Economics University\Documents\TÀI LIỆU\GIÁO TRÌNH HỌC\TIME SERIES\Seizure-Dectection-using-ECoG-\EEG\ds003029\sub-jh101\ses-presurgery\ieeg\sub-jh101_ses-presurgery_task-ictal_acq-ecog_run-01_ieeg,110.9995,0.00012908924900023068,0.00114471971875,0.003964412255145905,0
C:\Users\admin\OneDrive - National Economics University\Documents\TÀI LIỆU\GIÁO TRÌNH HỌC\TIME SERIES\Seizure-Dectection-using-ECoG-\EEG\ds003029\sub-jh101\ses-presurgery\ieeg\sub-jh101_ses-presurgery_task-ictal_acq-ecog_run-01_ieeg,111.9995,0.00012732831748135656,0.00091083765625,0.0038596821453523635,0
C:\Users\admin\OneDrive - National Economics University\Documents\TÀI LIỆU\GIÁO TRÌNH HỌC\TIME SERIES\Seizure-Dectection-using-ECoG-\EEG\ds003029\sub-jh101\ses-presurgery\ieeg\sub-jh101_ses-presurgery_task-ictal_acq-ecog_run-01_ieeg,112.9995,0.00012112906922238982,0.0009675758125,0.0044656808638067255,0
C:\Users\admin\OneDrive - National Economics University\Documents\TÀI LIỆU\GIÁO TRÌNH HỌC\TIME SERIES\Seizure-Dectection-using-ECoG-\EEG\ds003029\sub-jh101\ses-presurgery\ieeg\sub-jh101_ses-presurgery_task-ictal_acq-ecog_run-01_ieeg,113.9995,9.928608856276868e-05,0.0008696268125000001,0.004779230430924552,0
C:\Users\admin\OneDrive - National Economics University\Documents\TÀI LIỆU\GIÁO TRÌNH HỌC\TIME SERIES\Seizure-Dectection-using-ECoG-\EEG\ds003029\sub-jh101\ses-presurgery\ieeg\sub-jh101_ses-presurgery_task-ictal_acq-ecog_run-01_ieeg,114.9995,9.910777624792808e-05,0.0007242181875000001,0.004196949926108891,0
C:\Users\admin\OneDrive - National Economics University\Documents\TÀI LIỆU\GIÁO TRÌNH HỌC\TIME SERIES\Seizure-Dectection-using-ECoG-\EEG\ds003029\sub-jh101\ses-presurgery\ieeg\sub-jh101_ses-presurgery_task-ictal_acq-ecog_run-01_ieeg,115.9995,0.00010995603472589474,0.0007874017500000001,0.003943959407796845,0
C:\Users\admin\OneDrive - National Economics University\Documents\TÀI LIỆU\GIÁO TRÌNH HỌC\TIME SERIES\Seizure-Dectection-using-ECoG-\EEG\ds003029\sub-jh101\ses-presurgery\ieeg\sub-jh101_ses-presurgery_task-ictal_acq-ecog_run-01_ieeg,116.9995,0.00010642108490253509,0.0007814484375000001,0.004652710813915631,0
C:\Users\admin\OneDrive - National Economics University\Documents\TÀI LIỆU\GIÁO TRÌNH HỌC\TIME SERIES\Seizure-Dectection-using-ECoG-\EEG\ds003029\sub-jh101\ses-presurgery\ieeg\sub-jh101_ses-presurgery_task-ictal_acq-ecog_run-01_ieeg,117.9995,0.00011139224087044708,0.0012187470625,0.004746460445561914,0
C:\Users\admin\OneDrive - National Economics University\Documents\TÀI LIỆU\GIÁO TRÌNH HỌC\TIME SERIES\Seizure-Dectection-using-ECoG-\EEG\ds003029\sub-jh101\ses-presurgery\ieeg\sub-jh101_ses-presurgery_task-ictal_acq-ecog_run-01_ieeg,118.9995,0.00012449330254470735,0.0012187470625,0.0043572581614757175,0
C:\Users\admin\OneDrive - National Economics University\Documents\TÀI LIỆU\GIÁO TRÌNH HỌC\TIME SERIES\Seizure-Dectection-using-ECoG-\EEG\ds003029\sub-jh101\ses-presurgery\ieeg\sub-jh101_ses-presurgery_task-ictal_acq-ecog_run-01_ieeg,119.9995,0.00012002308138609982,0.0010388617187500001,0.004390742179123184,0
C:\Users\admin\OneDrive - National Economics University\Documents\TÀI LIỆU\GIÁO TRÌNH HỌC\TIME SERIES\Seizure-Dectection-using-ECoG-\EEG\ds003029\sub-jh101\ses-presurgery\ieeg\sub-jh101_ses-presurgery_task-ictal_acq-ecog_run-01_ieeg,120.9995,0.00011312724749815758,0.0006626957031250001,0.004315327257162488,0
C:\Users\admin\OneDrive - National Economics University\Documents\TÀI LIỆU\GIÁO TRÌNH HỌC\TIME SERIES\Seizure-Dectection-using-ECoG-\EEG\ds003029\sub-jh101\ses-presurgery\ieeg\sub-jh101_ses-presurgery_task-ictal_acq-ecog_run-01_ieeg,121.9995,0.00011200434716294766,0.00077324034375,0.004226698293173706,0
C:\Users\admin\OneDrive - National Economics University\Documents\TÀI LIỆU\GIÁO TRÌNH HỌC\TIME SERIES\Seizure-Dectection-using-ECoG-\EEG\ds003029\sub-jh101\ses-presurgery\ieeg\sub-jh101_ses-presurgery_task-ictal_acq-ecog_run-01_ieeg,122.9995,0.00010701217660862685,0.000963376625,0.004002992393488171,0
C:\Users\admin\OneDrive - National Economics University\Documents\TÀI LIỆU\GIÁO TRÌNH HỌC\TIME SERIES\Seizure-Dectection-using-ECoG-\EEG\ds003029\sub-jh101\ses-presurgery\ieeg\sub-jh101_ses-presurgery_task-ictal_acq-ecog_run-01_ieeg,123.9995,0.00010756701926791198,0.0009472633750000001,0.004046235780624228,0
C:\Users\admin\OneDrive - National Economics University\Documents\TÀI LIỆU\GIÁO TRÌNH HỌC\TIME SERIES\Seizure-Dectection-using-ECoG-\EEG\ds003029\sub-jh101\ses-presurgery\ieeg\sub-jh101_ses-presurgery_task-ictal_acq-ecog_run-01_ieeg,124.9995,0.00011180897632542084,0.0010121069375,0.004301783490761926,0
C:\Users\admin\OneDrive - National Economics University\Documents\TÀI LIỆU\GIÁO TRÌNH HỌC\TIME SERIES\Seizure-Dectection-using-ECoG-\EEG\ds003029\sub-jh101\ses-presurgery\ieeg\sub-jh101_ses-presurgery_task-ictal_acq-ecog_run-01_ieeg,125.9995,0.0001387877421017136,0.0011113210937500001,0.004181440500033081,0
C:\Users\admin\OneDrive - National Economics University\Documents\TÀI LIỆU\GIÁO TRÌNH HỌC\TIME SERIES\Seizure-Dectection-using-ECoG-\EEG\ds003029\sub-jh101\ses-presurgery\ieeg\sub-jh101_ses-presurgery_task-ictal_acq-ecog_run-01_ieeg,126.9995,0.0001583854300200267,0.0014781214375,0.004362073608752251,0
C:\Users\admin\OneDrive - National Economics University\Documents\TÀI LIỆU\GIÁO TRÌNH HỌC\TIME SERIES\Seizure-Dectection-using-ECoG-\EEG\ds003029\sub-jh101\ses-presurgery\ieeg\sub-jh101_ses-presurgery_task-ictal_acq-ecog_run-01_ieeg,127.9995,0.0001346523117126808,0.0014781214375,0.004560163069781387,0
C:\Users\admin\OneDrive - National Economics University\Documents\TÀI LIỆU\GIÁO TRÌNH HỌC\TIME SERIES\Seizure-Dectection-using-ECoG-\EEG\ds003029\sub-jh101\ses-presurgery\ieeg\sub-jh101_ses-presurgery_task-ictal_acq-ecog_run-01_ieeg,128.9995,0.00012368562884407656,0.0012484345,0.004127308646857131,0
C:\Users\admin\OneDrive - National Economics University\Documents\TÀI LIỆU\GIÁO TRÌNH HỌC\TIME SERIES\Seizure-Dectection-using-ECoG-\EEG\ds003029\sub-jh101\ses-presurgery\ieeg\sub-jh101_ses-presurgery_task-ictal_acq-ecog_run-01_ieeg,129.9995,0.00012387499578961236,0.00110556375,0.004078279172790766,0
C:\Users\admin\OneDrive - National Economics University\Documents\TÀI LIỆU\GIÁO TRÌNH HỌC\TIME SERIES\Seizure-Dectection-using-ECoG-\EEG\ds003029\sub-jh101\ses-presurgery\ieeg\sub-jh101_ses-presurgery_task-ictal_acq-ecog_run-01_ieeg,130.9995,0.00011127924135530705,0.0008223613125,0.004442463388270582,0
C:\Users\admin\OneDrive - National Economics University\Documents\TÀI LIỆU\GIÁO TRÌNH HỌC\TIME SERIES\Seizure-Dectection-using-ECoG-\EEG\ds003029\sub-jh101\ses-presurgery\ieeg\sub-jh101_ses-presurgery_task-ictal_acq-ecog_run-01_ieeg,131.9995,0.0001070775686539325,0.0008148418125,0.005379455319289052,0
C:\Users\admin\OneDrive - National Economics University\Documents\TÀI LIỆU\GIÁO TRÌNH HỌC\TIME SERIES\Seizure-Dectection-using-ECoG-\EEG\ds003029\sub-jh101\ses-presurgery\ieeg\sub-jh101_ses-presurgery_task-ictal_acq-ecog_run-01_ieeg,132.9995,0.00010758502034924801,0.0019061514062500002,0.0073392121431435425,0
C:\Users\admin\OneDrive - National Economics University\Documents\TÀI LIỆU\GIÁO TRÌNH HỌC\TIME SERIES\Seizure-Dectection-using-ECoG-\EEG\ds003029\sub-jh101\ses-presurgery\ieeg\sub-jh101_ses-presurgery_task-ictal_acq-ecog_run-01_ieeg,133.9995,0.00023653902870664572,0.004090819000000001,0.008889204433399267,0
C:\Users\admin\OneDrive - National Economics University\Documents\TÀI LIỆU\GIÁO TRÌNH HỌC\TIME SERIES\Seizure-Dectection-using-ECoG-\EEG\ds003029\sub-jh101\ses-presurgery\ieeg\sub-jh101_ses-presurgery_task-ictal_acq-ecog_run-01_ieeg,134.9995,0.00023535752423931085,0.004090819000000001,0.008204531155810425,0
C:\Users\admin\OneDrive - National Economics University\Documents\TÀI LIỆU\GIÁO TRÌNH HỌC\TIME SERIES\Seizure-Dectection-using-ECoG-\EEG\ds003029\sub-jh101\ses-presurgery\ieeg\sub-jh101_ses-presurgery_task-ictal_acq-ecog_run-01_ieeg,135.9995,9.845896965682867e-05,0.0010852548437500001,0.007805160000647682,0
C:\Users\admin\OneDrive - National Economics University\Documents\TÀI LIỆU\GIÁO TRÌNH HỌC\TIME SERIES\Seizure-Dectection-using-ECoG-\EEG\ds003029\sub-jh101\ses-presurgery\ieeg\sub-jh101_ses-presurgery_task-ictal_acq-ecog_run-01_ieeg,136.9995,8.249233833757055e-05,0.0004317423125,0.007857979794647807,0
C:\Users\admin\OneDrive - National Economics University\Documents\TÀI LIỆU\GIÁO TRÌNH HỌC\TIME SERIES\Seizure-Dectection-using-ECoG-\EEG\ds003029\sub-jh101\ses-presurgery\ieeg\sub-jh101_ses-presurgery_task-ictal_acq-ecog_run-01_ieeg,137.9995,9.227336349388482e-05,0.0004317423125,0.007028549662499272,0
C:\Users\admin\OneDrive - National Economics University\Documents\TÀI LIỆU\GIÁO TRÌNH HỌC\TIME SERIES\Seizure-Dectection-using-ECoG-\EEG\ds003029\sub-jh101\ses-presurgery\ieeg\sub-jh101_ses-presurgery_task-ictal_acq-ecog_run-01_ieeg,138.9995,9.692209941986708e-05,0.0003924813125,0.006607853169393505,0
C:\Users\admin\OneDrive - National Economics University\Documents\TÀI LIỆU\GIÁO TRÌNH HỌC\TIME SERIES\Seizure-Dectection-using-ECoG-\EEG\ds003029\sub-jh101\ses-presurgery\ieeg\sub-jh101_ses-presurgery_task-ictal_acq-ecog_run-01_ieeg,139.9995,0.00010420516463065653,0.00044482495312500006,0.006951749154469862,0
C:\Users\admin\OneDrive - National Economics University\Documents\TÀI LIỆU\GIÁO TRÌNH HỌC\TIME SERIES\Seizure-Dectection-using-ECoG-\EEG\ds003029\sub-jh101\ses-presurgery\ieeg\sub-jh101_ses-presurgery_task-ictal_acq-ecog_run-01_ieeg,140.9995,0.0001301717070209157,0.0004526377890625,0.0071901705067396165,0
